names,teams,leagues,positions,jersey_numbers,goals,assists,yellow_cards,red_cards,shots,shots_og,saves,clean_sheets,goals_against,photo_urls,heights,weights,birthdates,nationalities
Sophia Smith,Portland Thorns FC,nwsl,N/A,9,11,5,2,0,75,39,0,2,16,https://d2nkt8hgeld8zj.cloudfront.net\images\2023\3\17/Sophia_Smith_001.jpeg,"5' 6""",121 lbs,2000-08-10T07:00Z,USA
Sophie Schmidt,Houston Dash,nwsl,N/A,13,0,0,3,0,17,3,0,8,15,https://d2nkt8hgeld8zj.cloudfront.net\images\2022\4\25/Sophie_Diana_Schmidt.png,"5' 8""",157 lbs,1988-06-28T07:00Z,Canada
Christine Sinclair,Portland Thorns FC,nwsl,N/A,12,3,1,0,0,27,10,0,1,12,https://d2nkt8hgeld8zj.cloudfront.net\images\2023\3\17/Christine_Sinclair_001.jpeg,"5' 9""",148 lbs,1983-06-12T07:00Z,Canada
Abby Erceg,Racing Louisville FC,nwsl,N/A,20,2,0,1,0,15,6,0,6,22,https://d2nkt8hgeld8zj.cloudfront.net\images\2023\3\24/Abby_Erceg_002.jpeg,"5' 10""",150 lbs,1989-11-20T08:00Z,New Zealand
Nadia Nadim,Racing Louisville FC,nwsl,N/A,10,1,0,0,0,14,5,0,0,5,https://d2nkt8hgeld8zj.cloudfront.net\images\2022\4\29/Nadia_Nadim_1.png,"5' 9""",N/A,1988-01-02T08:00Z,Denmark
María Sánchez,Houston Dash,nwsl,N/A,7,4,4,2,0,29,11,0,1,17,https://d2nkt8hgeld8zj.cloudfront.net\images\2023\3\22/Maria_Sanchez_002.jpeg,"5' 5""",N/A,1996-02-20T08:00Z,Mexico
Alexis Loera,Kansas City Current,nwsl,N/A,22,0,3,1,0,4,1,0,1,13,https://d2nkt8hgeld8zj.cloudfront.net\images\2023\3\24/Alexis_Loera.jpeg,"5' 7""",163 lbs,1999-06-19T07:00Z,USA
Emily van Egmond,San Diego Wave FC,nwsl,N/A,5,0,0,2,0,9,3,0,3,7,https://d2nkt8hgeld8zj.cloudfront.net\images\2023\3\20/Emily_Van_Egmond_001.jpeg,"5' 9""",152 lbs,1993-07-12T07:00Z,Australia
Marta,Orlando Pride,nwsl,N/A,10,3,4,1,0,30,13,0,2,16,https://d2nkt8hgeld8zj.cloudfront.net\images\2023\3\24/Marta_001.jpeg,"5' 4""",128 lbs,1986-02-19T08:00Z,Brazil
Rafaelle,Orlando Pride,nwsl,N/A,4,1,0,1,0,7,4,0,1,7,N/A,"5' 9""",150 lbs,1991-06-18T07:00Z,Brazil
Sofia Jakobsson,San Diego Wave FC,nwsl,N/A,10,2,1,2,0,13,7,0,1,11,https://d2nkt8hgeld8zj.cloudfront.net\images\2023\3\20/Sofia_Jakobsson_001.jpeg,"5' 9""",132 lbs,1990-04-23T07:00Z,Sweden
Alex Morgan,San Diego Wave FC,nwsl,N/A,13,6,4,0,0,47,21,0,4,13,https://d2nkt8hgeld8zj.cloudfront.net\images\2022\4\27/Alexandra_Morgan_Carrasco_1.PNG,"5' 7""",137 lbs,1989-07-02T07:00Z,USA
Megan Rapinoe,OL Reign,nwsl,N/A,15,2,5,2,0,32,12,0,1,14,https://d2nkt8hgeld8zj.cloudfront.net\images\2023\3\24/Megan_Rapinoe_001.jpeg,"5' 6""",130 lbs,1985-07-05T07:00Z,USA
Ali Krieger,NJ/NY Gotham FC,nwsl,N/A,11,0,0,1,0,3,1,0,3,13,https://d2nkt8hgeld8zj.cloudfront.net\images\2023\3\23/Ali_Krieger_001.jpeg,"5' 6""",130 lbs,1984-07-28T07:00Z,USA
Nicole Barnhart,Washington Spirit,nwsl,N/A,28,0,0,0,0,0,0,9,0,5,https://d2nkt8hgeld8zj.cloudfront.net\images\2023\3\20/Nicole_Barnhart_002.jpeg,"5' 10""",161 lbs,1981-10-10T07:00Z,USA
Becky Sauerbrunn,Portland Thorns FC,nwsl,N/A,4,0,0,0,0,2,0,0,1,4,https://d2nkt8hgeld8zj.cloudfront.net\images\2023\3\17/Becky_Sauerbrunn.png,"5' 7""",139 lbs,1985-06-06T07:00Z,USA
Ali Riley,Angel City FC,nwsl,N/A,5,1,0,3,0,6,2,0,1,21,https://d2nkt8hgeld8zj.cloudfront.net\images\2023\3\28/Ali_Riley_002.jpeg,"5' 4""",126 lbs,1987-10-30T08:00Z,New Zealand
Amandine Henry,Angel City FC,nwsl,N/A,26,0,0,0,0,3,3,0,0,2,https://d2nkt8hgeld8zj.cloudfront.net\images\players\headshot/3c765kc3b4cmgie0qf84jh1hx.png,"5' 7""",126 lbs,1989-09-28T07:00Z,France
Kelley O'Hara,NJ/NY Gotham FC,nwsl,N/A,5,0,0,2,0,10,2,0,1,6,https://d2nkt8hgeld8zj.cloudfront.net\images\2023\3\23/Kelley_OHara_001.jpeg,"5' 5""",128 lbs,1988-08-04T07:00Z,USA
Raquel Rodríguez,Portland Thorns FC,nwsl,N/A,11,1,0,1,0,7,2,0,0,8,https://d2nkt8hgeld8zj.cloudfront.net\images\2023\3\17/Rocky_Rodriguez_001.jpeg,"5' 5""",119 lbs,1993-10-28T07:00Z,Costa Rica
Sydney Leroux,Angel City FC,nwsl,N/A,2,1,0,0,0,13,8,0,1,4,https://d2nkt8hgeld8zj.cloudfront.net\images\2023\3\28/Sidney_Leroux_001.jpeg,"5' 7""",N/A,1990-05-07T07:00Z,USA
Yuki Nagasato,Chicago Red Stars,nwsl,N/A,7,3,2,2,0,10,5,0,2,39,https://d2nkt8hgeld8zj.cloudfront.net\images\2023\3\28/Yuki_Nagasato_002.jpeg,"5' 6""",130 lbs,1987-07-15T07:00Z,Japan
Meghan Klingenberg,Portland Thorns FC,nwsl,N/A,25,0,3,2,0,9,2,0,4,21,https://d2nkt8hgeld8zj.cloudfront.net\images\2023\3\17/Meghan_Klingenberg_001.jpeg,"5' 2""",126 lbs,1988-08-02T07:00Z,USA
Meggie Dougherty Howard,San Diego Wave FC,nwsl,N/A,28,0,0,0,0,11,1,0,0,8,https://d2nkt8hgeld8zj.cloudfront.net\images\2022\4\26/Meggie_Dougherty_Howard_1.PNG,"5' 5""",N/A,1995-07-27T07:00Z,USA
Christen Westphal,San Diego Wave FC,nwsl,N/A,20,0,4,1,0,6,1,0,8,21,https://d2nkt8hgeld8zj.cloudfront.net\images\2023\3\20/Christen_Westphal_001.jpeg,"5' 6""",N/A,1993-09-02T07:00Z,USA
Havana Solaun,Houston Dash,nwsl,N/A,6,0,0,0,0,1,0,0,0,1,https://d2nkt8hgeld8zj.cloudfront.net\images\2023\3\22/Havana_Solaun_002.jpeg,"5' 10""",128 lbs,1993-02-23T08:00Z,Jamaica
Shea Groom,Houston Dash,nwsl,N/A,10,0,0,0,0,0,0,0,0,0,https://d2nkt8hgeld8zj.cloudfront.net\images\2023\3\22/Shea_Groom_002.jpeg,"5' 6""",N/A,1993-03-04T08:00Z,USA
Simone Charley,Angel City FC,nwsl,N/A,7,0,0,0,0,1,0,0,0,1,https://d2nkt8hgeld8zj.cloudfront.net\images\2023\3\28/Simone_Charley_001.jpeg,"5' 8""",N/A,1995-02-04T08:00Z,USA
Kailen Sheridan,San Diego Wave FC,nwsl,N/A,1,0,0,0,1,0,0,55,8,18,https://d2nkt8hgeld8zj.cloudfront.net\images\2023\3\20/Kailen_Sheridan_001.jpeg,"5' 9""",150 lbs,1995-07-16T07:00Z,Canada
Kaleigh Kurtz,North Carolina Courage,nwsl,N/A,3,0,1,2,0,8,2,0,9,22,https://d2nkt8hgeld8zj.cloudfront.net\images\2023\3\22/Kaleigh_Kurtz.jpeg,"5' 8""",N/A,1994-09-09T07:00Z,USA
Savannah McCaskill,Angel City FC,nwsl,N/A,9,3,3,4,0,36,17,0,2,25,https://d2nkt8hgeld8zj.cloudfront.net\images\2023\3\28/Savannah_McCaskill_001.jpeg,"5' 4""",N/A,1996-07-31T07:00Z,USA
Kelli Hubly,Portland Thorns FC,nwsl,N/A,20,1,0,4,1,10,6,0,2,23,https://d2nkt8hgeld8zj.cloudfront.net\images\2023\3\17/Kelli_Hubly_001.jpeg,"5' 9""",N/A,1994-08-09T07:00Z,USA
Arin Wright,Chicago Red Stars,nwsl,N/A,3,1,0,1,0,11,4,0,3,40,https://d2nkt8hgeld8zj.cloudfront.net\images\2023\3\28/Arin_Wright_001.jpeg,"5' 7""",130 lbs,1992-12-25T08:00Z,USA
Jordyn Listro,Orlando Pride,nwsl,N/A,19,0,0,0,0,0,0,0,1,13,https://d2nkt8hgeld8zj.cloudfront.net\images\2023\3\24/Jordyn_Listro_001.jpeg,"5' 5""",119 lbs,1995-08-10T07:00Z,Canada
Casey Murphy,North Carolina Courage,nwsl,N/A,1,0,0,0,0,0,0,42,8,20,https://d2nkt8hgeld8zj.cloudfront.net\images\2023\3\21/Casey_Murphy.jpeg,"6' 1""",159 lbs,1996-04-25T07:00Z,USA
Rose Lavelle,OL Reign,nwsl,N/A,16,0,1,0,0,8,4,0,0,3,https://d2nkt8hgeld8zj.cloudfront.net\images\2023\3\24/Rose_Lavelle_001.jpeg,"5' 4""",117 lbs,1995-05-14T07:00Z,USA
Ashley Hatch,Washington Spirit,nwsl,N/A,33,9,2,3,0,54,24,0,2,26,https://d2nkt8hgeld8zj.cloudfront.net\images\2023\3\17/Ashley_Hatch_002.jpeg,"5' 9""",N/A,1995-05-25T07:00Z,USA
Emily Sonnett,OL Reign,nwsl,N/A,2,0,1,4,0,9,2,0,5,20,https://d2nkt8hgeld8zj.cloudfront.net\images\2023\3\24/Emily_Sonnett_001.jpeg,"5' 7""",137 lbs,1993-11-25T08:00Z,USA
Danielle Colaprico,San Diego Wave FC,nwsl,N/A,24,0,1,3,0,9,1,0,3,18,https://d2nkt8hgeld8zj.cloudfront.net\images\2023\3\20/Danielle_Colaprico_001A.jpeg,"5' 3""",N/A,1993-05-06T07:00Z,USA
Megan Reid,Angel City FC,nwsl,N/A,6,0,0,0,0,4,1,0,0,14,https://d2nkt8hgeld8zj.cloudfront.net\images\2023\3\28/Megan_Reid_001.jpeg,"5' 8""",N/A,1996-07-08T07:00Z,USA
Morgan Gautrat,Kansas City Current,nwsl,N/A,2,0,0,1,0,4,0,0,0,4,https://d2nkt8hgeld8zj.cloudfront.net\images\2023\3\24/Morgan_Gautrat.jpeg,"5' 7""",121 lbs,1993-02-26T08:00Z,USA
Makenzy Doniak,San Diego Wave FC,nwsl,N/A,15,3,2,1,0,27,13,0,0,17,https://d2nkt8hgeld8zj.cloudfront.net\images\2023\3\20/Makenzy_Doniak_001.jpeg,"5' 8""",N/A,1994-02-25T08:00Z,USA
Brittany Ratcliffe,North Carolina Courage,nwsl,N/A,11,0,0,0,0,9,4,0,0,5,https://d2nkt8hgeld8zj.cloudfront.net\images\2023\3\21/Brittany_Ratcliffe.jpeg,"5' 4""",N/A,1994-02-07T08:00Z,USA
Veronica Latsko,OL Reign,nwsl,N/A,24,4,2,2,0,16,6,0,1,10,https://d2nkt8hgeld8zj.cloudfront.net\images\2023\3\24/Veronica_Latsko_001.jpeg,"5' 8""",N/A,1995-12-12T08:00Z,USA
Kristen McNabb,San Diego Wave FC,nwsl,N/A,14,1,0,4,0,5,1,0,5,15,https://d2nkt8hgeld8zj.cloudfront.net\images\2023\3\20/Kristen_McNabb_001.jpeg,"5' 5""",N/A,1994-04-17T07:00Z,USA
Abby Smith,NJ/NY Gotham FC,nwsl,N/A,4,0,0,0,0,0,0,45,4,15,https://d2nkt8hgeld8zj.cloudfront.net\images\2023\3\23/Abby_Smith_001.jpeg,"5' 9""",N/A,1993-10-04T07:00Z,USA
Imani Dorsey,NJ/NY Gotham FC,nwsl,N/A,2,0,0,0,0,0,0,0,0,0,https://d2nkt8hgeld8zj.cloudfront.net\images\2023\3\23/Imani_Dorsey_001.jpeg,"5' 7""",N/A,1996-03-21T08:00Z,USA
Quinn,OL Reign,nwsl,N/A,5,1,1,1,0,3,1,0,2,9,https://d2nkt8hgeld8zj.cloudfront.net\images\2022\4\29/Quinn_1_1.PNG,"5' 9""",146 lbs,1995-08-11T07:00Z,Canada
Nikia Smith,North Carolina Courage,nwsl,N/A,21,0,0,0,0,0,0,0,0,0,N/A,N/A,N/A,N/A,USA
Taylor Smith,NJ/NY Gotham FC,nwsl,N/A,20,1,1,1,0,11,2,0,1,4,https://d2nkt8hgeld8zj.cloudfront.net\images\2023\3\23/Taylor_Smith_001.jpeg,"5' 3""",N/A,1993-12-01T08:00Z,USA
Paige Nielsen,Angel City FC,nwsl,N/A,14,1,0,3,0,15,3,0,4,24,https://d2nkt8hgeld8zj.cloudfront.net\images\2023\3\28/Paige_Nielsen_001.jpeg,"5' 5""",N/A,1993-10-14T07:00Z,USA
Cassie Miller,Kansas City Current,nwsl,N/A,38,0,0,1,0,0,0,29,4,13,https://d2nkt8hgeld8zj.cloudfront.net\images\2022\4\29/Cassie_Miller_1.png,"5' 11""",N/A,1995-04-28T07:00Z,USA
Carson Pickett,Racing Louisville FC,nwsl,N/A,16,0,0,3,0,13,5,0,5,19,https://d2nkt8hgeld8zj.cloudfront.net\images\2023\3\24/Carson_Pickett_002.jpeg,"5' 8""",N/A,1993-09-15T07:00Z,USA
Lynn Williams,NJ/NY Gotham FC,nwsl,N/A,10,7,2,1,0,76,34,0,4,19,https://d2nkt8hgeld8zj.cloudfront.net\images\2023\3\23/Lynn_Williams_001.jpeg,"5' 8""",126 lbs,1993-05-21T07:00Z,USA
Lo'eau LaBonta,Kansas City Current,nwsl,N/A,10,2,1,2,0,17,5,0,4,23,https://d2nkt8hgeld8zj.cloudfront.net\images\2023\3\24/Lo_Labonta.jpeg,"5' 1""",N/A,1993-03-18T08:00Z,USA
Jane Campbell,Houston Dash,nwsl,N/A,1,0,0,0,0,0,0,83,8,17,https://d2nkt8hgeld8zj.cloudfront.net\images\2023\3\22/Jane_Campbell_002.jpeg,"5' 9""",N/A,1995-02-17T08:00Z,USA
Andi Sullivan,Washington Spirit,nwsl,N/A,12,0,0,4,0,19,3,0,4,21,https://d2nkt8hgeld8zj.cloudfront.net\images\2022\4\29/Andi_Maureen_Sullivan_1_1.PNG,"5' 7""",126 lbs,1995-12-20T08:00Z,USA
Ifeoma Onumonu,NJ/NY Gotham FC,nwsl,N/A,25,0,1,3,0,7,0,0,0,3,https://d2nkt8hgeld8zj.cloudfront.net\images\2023\3\23/Ifeoma_Onumonu_001.jpeg,"5' 7""",110 lbs,1994-02-25T08:00Z,Nigeria
Emily Boyd,Chicago Red Stars,nwsl,N/A,21,0,0,0,0,0,0,8,2,0,https://d2nkt8hgeld8zj.cloudfront.net\images\2021\5\15/Emily_Boyd.png,"5' 9""",N/A,1996-07-25T07:00Z,USA
Katie Naughton,Houston Dash,nwsl,N/A,25,0,0,0,1,2,1,0,5,12,https://d2nkt8hgeld8zj.cloudfront.net\images\2023\3\22/Katie_Lind_002.jpeg,"5' 10""",N/A,1994-02-15T08:00Z,USA
Sabrina Flores,NJ/NY Gotham FC,nwsl,N/A,15,0,0,0,0,0,0,0,0,0,https://d2nkt8hgeld8zj.cloudfront.net\images\2023\3\23/Sabrina_Flores_001.jpeg,"5' 3""",N/A,1996-01-31T08:00Z,Mexico
Elizabeth Ball,Kansas City Current,nwsl,N/A,7,0,0,1,0,6,2,0,1,12,https://d2nkt8hgeld8zj.cloudfront.net\images\2023\3\24/Elizabeth_Ball.jpeg,"5' 6""",N/A,1995-10-19T07:00Z,USA
Mallory Weber,Kansas City Current,nwsl,N/A,20,0,0,0,0,0,0,0,0,0,https://d2nkt8hgeld8zj.cloudfront.net\images\2023\3\24/Mallory_Weber.jpeg,"5' 6""",N/A,1994-04-04T07:00Z,USA
Alyssa Naeher,Chicago Red Stars,nwsl,N/A,1,0,0,0,0,0,0,77,3,47,https://d2nkt8hgeld8zj.cloudfront.net\images\2023\3\28/Alyssa_Naeher_001.jpeg,"5' 9""",150 lbs,1988-04-20T07:00Z,USA
Julie Ertz,Angel City FC,nwsl,N/A,8,1,0,1,0,8,2,0,1,9,N/A,"5' 7""",132 lbs,1992-04-06T07:00Z,USA
Denise O'Sullivan,North Carolina Courage,nwsl,N/A,10,1,1,3,0,11,1,0,8,20,https://d2nkt8hgeld8zj.cloudfront.net\images\2023\3\21/Denise_OSullivan.jpeg,"5' 4""",117 lbs,1994-02-04T08:00Z,Republic of Ireland
Claire Lavogez,Kansas City Current,nwsl,N/A,94,0,0,0,0,1,1,0,0,1,https://d2nkt8hgeld8zj.cloudfront.net\images\2022\11\29/Claire_Lavogez.png,"5' 8""",139 lbs,1994-06-18T07:00Z,France
Allysha Chapman,Houston Dash,nwsl,N/A,2,0,0,1,0,2,1,0,4,10,https://d2nkt8hgeld8zj.cloudfront.net\images\2022\4\25/Allysha_Lyn_Chapman.png,"5' 3""",121 lbs,1989-01-25T08:00Z,Canada
Andressa,Houston Dash,nwsl,N/A,77,1,0,0,0,9,3,0,0,1,N/A,"5' 6""",130 lbs,1992-11-10T08:00Z,Brazil
Wang Shuang,Racing Louisville FC,nwsl,N/A,77,2,2,2,0,27,9,0,0,14,https://d2nkt8hgeld8zj.cloudfront.net\images\2023\3\24/Wang_Shuang_002.jpeg,"5' 5""",128 lbs,1995-01-23T08:00Z,China PR
Annaïg Butel,Washington Spirit,nwsl,N/A,N/A,0,0,2,0,1,0,0,1,6,N/A,"5' 6""",110 lbs,1992-02-15T08:00Z,France
Emily Alvarado,Houston Dash,nwsl,N/A,N/A,0,0,0,0,0,0,0,0,0,N/A,"5' 9""",N/A,1998-06-09T07:00Z,Mexico
Celia Jiménez,Orlando Pride,nwsl,N/A,13,0,0,0,0,2,1,0,0,3,https://d2nkt8hgeld8zj.cloudfront.net\images\2023\3\24/Celia_001.jpeg,"5' 7""",N/A,1995-06-20T07:00Z,Spain
Jordan Thompson,Washington Spirit,nwsl,N/A,37,0,0,0,0,0,0,0,0,0,N/A,"5' 9""",141 lbs,1997-01-03T08:00Z,Northern Ireland
Shae Yanez,San Diego Wave FC,nwsl,N/A,30,0,0,0,0,0,0,7,0,4,https://d2nkt8hgeld8zj.cloudfront.net\images\players\headshot/4x0c0fhtuohubcm7u16qzr2wa.png,"5' 8""",N/A,1997-05-22T07:00Z,USA
Kelcie Hedge,Houston Dash,nwsl,N/A,17,0,0,0,0,0,0,0,0,0,N/A,"5' 7""",N/A,1997-09-19T07:00Z,USA
Ally Watt,Orlando Pride,nwsl,N/A,11,1,1,1,0,25,12,0,0,11,https://d2nkt8hgeld8zj.cloudfront.net\images\2023\3\24/Ally_Watt_001.jpeg,N/A,N/A,1997-03-12T08:00Z,USA
Nichelle Prince,Houston Dash,nwsl,N/A,8,0,2,0,0,8,3,0,0,2,https://d2nkt8hgeld8zj.cloudfront.net\images\2023\3\22/Nichelle_Prince_002.jpeg,"5' 4""",117 lbs,1995-02-19T08:00Z,Canada
Bayley Feist,Washington Spirit,nwsl,N/A,13,0,0,0,0,3,0,0,0,2,https://d2nkt8hgeld8zj.cloudfront.net\images\2023\3\17/Bayley_Feist_004.jpeg,"5' 7""",N/A,1997-03-14T08:00Z,USA
Sam Staab,Washington Spirit,nwsl,N/A,3,1,1,4,0,11,3,0,4,28,https://d2nkt8hgeld8zj.cloudfront.net\images\2023\3\20/Sam_Staab_002.jpeg,"5' 7""",N/A,1997-03-28T08:00Z,USA
Michelle Alozie,Houston Dash,nwsl,N/A,22,4,1,1,1,28,9,0,0,9,https://d2nkt8hgeld8zj.cloudfront.net\images\2023\3\22/Michelle_Alozie_002.jpeg,"5' 7""",N/A,1997-04-28T07:00Z,Nigeria
Claire Emslie,Angel City FC,nwsl,N/A,10,3,4,0,0,31,8,0,1,22,https://d2nkt8hgeld8zj.cloudfront.net\images\2023\3\28/Claire_Emslie_001.jpeg,"5' 7""",N/A,1994-03-08T08:00Z,Scotland
Natalia Kuikka,Portland Thorns FC,nwsl,N/A,14,1,2,3,0,14,2,0,3,26,https://d2nkt8hgeld8zj.cloudfront.net\images\2023\3\17/Natalia_Kuikka_001.jpeg,"5' 6""",N/A,1995-12-01T08:00Z,Finland
Marissa Sheva,Washington Spirit,nwsl,N/A,25,0,0,1,0,2,0,0,0,3,https://d2nkt8hgeld8zj.cloudfront.net\images\2023\3\20/Marissa_Sheva_002.jpeg,"5' 4""",N/A,1997-04-22T07:00Z,Republic of Ireland
Kaleigh Riehl,San Diego Wave FC,nwsl,N/A,18,0,0,1,0,2,1,0,6,20,https://d2nkt8hgeld8zj.cloudfront.net\images\2023\3\20/Kaleigh_Riehl_001.jpeg,"5' 8""",N/A,1996-10-21T07:00Z,USA
Ellie Jean,NJ/NY Gotham FC,nwsl,N/A,21,0,0,1,0,0,0,0,2,11,https://d2nkt8hgeld8zj.cloudfront.net\images\2023\3\23/Ellie_Jean_001.jpeg,"5' 7""",N/A,1997-01-31T08:00Z,USA
Midge Purce,NJ/NY Gotham FC,nwsl,N/A,23,3,2,4,0,27,14,0,0,9,https://d2nkt8hgeld8zj.cloudfront.net\images\2022\4\28/Margaret_Purce.png,"5' 5""",N/A,1995-09-18T07:00Z,USA
Kayla Sharples,Chicago Red Stars,nwsl,N/A,28,1,0,1,0,4,2,0,2,16,https://d2nkt8hgeld8zj.cloudfront.net\images\2023\3\28/Kayla_Sharples_001.jpeg,"5' 11""",N/A,1997-06-17T07:00Z,USA
Marisa Viggiano,Houston Dash,nwsl,N/A,14,0,0,2,0,17,4,0,1,12,https://d2nkt8hgeld8zj.cloudfront.net\images\2023\3\22/Marisa_Viggiano_002.jpeg,"5' 4""",N/A,1997-02-05T08:00Z,USA
Haley Hanson,Orlando Pride,nwsl,N/A,2,1,0,4,0,15,4,0,6,28,https://d2nkt8hgeld8zj.cloudfront.net\images\2023\3\24/Haley_McCutcheon_001.jpeg,"5' 6""",N/A,1996-02-22T08:00Z,USA
Natalie Jacobs,Houston Dash,nwsl,N/A,4,0,0,4,1,5,0,0,4,16,https://d2nkt8hgeld8zj.cloudfront.net\images\2023\3\22/Natalie_Jacobs_002.jpeg,"5' 8""",N/A,1997-08-16T07:00Z,USA
Victoria Pickett,North Carolina Courage,nwsl,N/A,99,1,0,0,0,5,2,0,0,5,https://d2nkt8hgeld8zj.cloudfront.net\images\2023\3\23/Victoria_Pickett_001.jpeg,"5' 6""",N/A,1996-08-12T07:00Z,Canada
Crystal Dunn,Portland Thorns FC,nwsl,N/A,19,5,2,0,0,33,18,0,1,20,https://d2nkt8hgeld8zj.cloudfront.net\images\2023\3\17/Crystal_Dunn_001.jpeg,"5' 2""",117 lbs,1992-07-03T07:00Z,USA
Paige Monaghan,Racing Louisville FC,nwsl,N/A,5,3,0,1,0,18,11,0,0,14,https://d2nkt8hgeld8zj.cloudfront.net\images\2023\3\24/Paige_Monaghan_002.jpeg,"5' 7""",N/A,1996-11-13T08:00Z,USA
Dani Weatherholt,Angel City FC,nwsl,N/A,17,0,1,2,0,14,3,0,2,21,https://d2nkt8hgeld8zj.cloudfront.net\images\2023\3\28/Dani_Weatherholt_001.jpeg,"5' 8""",N/A,1994-03-17T08:00Z,USA
Dorian Bailey,Washington Spirit,nwsl,N/A,19,0,2,1,0,4,2,0,1,20,https://d2nkt8hgeld8zj.cloudfront.net\images\2023\3\17/Dorian_Bailey_002.jpeg,"5' 3""",N/A,1997-01-28T08:00Z,USA
Tegan McGrady,Portland Thorns FC,nwsl,N/A,29,0,0,0,0,0,0,0,0,0,https://d2nkt8hgeld8zj.cloudfront.net\images\2023\3\17/Tegan_McGrady_001.jpeg,"5' 6""",N/A,1997-10-11T07:00Z,USA
Kyra Carusa,San Diego Wave FC,nwsl,N/A,19,2,0,0,0,7,4,0,0,1,N/A,"5' 7""",146 lbs,1995-11-14T08:00Z,Republic of Ireland
Alana Cook,OL Reign,nwsl,N/A,4,0,1,2,1,3,0,0,5,20,https://d2nkt8hgeld8zj.cloudfront.net\images\2023\3\24/Alana_Cook_001.jpeg,"5' 9""",150 lbs,1997-04-11T07:00Z,USA
Mallory Swanson,Chicago Red Stars,nwsl,N/A,9,1,0,0,0,9,4,0,0,5,https://d2nkt8hgeld8zj.cloudfront.net\images\2023\3\28/Mallory_Swanson_001.jpeg,"5' 4""",117 lbs,1998-04-29T07:00Z,USA
Lauren Barnes,OL Reign,nwsl,N/A,3,0,1,1,0,2,0,0,5,23,https://d2nkt8hgeld8zj.cloudfront.net\images\2023\3\24/Lauren_Barnes_001.jpeg,"5' 5""",N/A,1989-05-31T07:00Z,USA
Allie Long,NJ/NY Gotham FC,nwsl,N/A,6,2,0,3,0,7,2,0,4,13,https://d2nkt8hgeld8zj.cloudfront.net\images\2023\3\23/Allie_Long_001_43.jpeg,"5' 8""",128 lbs,1987-08-13T07:00Z,USA
Gabby Carle,Washington Spirit,nwsl,N/A,14,0,1,2,0,1,0,0,3,26,https://d2nkt8hgeld8zj.cloudfront.net\images\2023\3\17/Gabrielle_Carle_002.jpeg,"5' 6""",115 lbs,1998-10-12T07:00Z,Canada
Thembi Kgatlana,Racing Louisville FC,nwsl,N/A,11,2,1,3,0,29,7,0,0,5,https://d2nkt8hgeld8zj.cloudfront.net\images\2023\3\20/Jordan_Baggett_002.jpeg,"5' 1""",108 lbs,1996-05-02T07:00Z,South Africa
Debinha,Kansas City Current,nwsl,N/A,99,9,2,1,0,40,17,0,1,28,https://d2nkt8hgeld8zj.cloudfront.net\images\2023\3\24/Debinha_Oliveira.jpeg,"5' 2""",117 lbs,1991-10-20T07:00Z,Brazil
Malia Berkely,North Carolina Courage,nwsl,N/A,7,0,0,0,1,4,2,0,8,15,https://d2nkt8hgeld8zj.cloudfront.net\images\2023\3\22/Malia_Berkely.jpeg,"5' 8""",N/A,1998-02-13T08:00Z,USA
Clara Robbins,North Carolina Courage,nwsl,N/A,26,0,0,0,0,2,1,0,0,2,https://d2nkt8hgeld8zj.cloudfront.net\images\2023\3\24/Clara_Robbins.jpeg,"5' 7""",N/A,1998-12-09T08:00Z,USA
Nealy Martin,NJ/NY Gotham FC,nwsl,N/A,14,0,1,1,0,2,0,0,2,12,https://d2nkt8hgeld8zj.cloudfront.net\images\2023\3\23/Nealy_Martin_001.jpeg,"5' 7""",N/A,1998-04-22T07:00Z,USA
Julia Lester,Racing Louisville FC,nwsl,N/A,15,0,0,1,0,1,0,0,3,11,https://d2nkt8hgeld8zj.cloudfront.net\images\2023\3\24/Julia_Lester_002.jpeg,N/A,N/A,1998-01-16T08:00Z,USA
Tatumn Milazzo,Chicago Red Stars,nwsl,N/A,23,1,1,3,0,4,1,0,3,42,https://d2nkt8hgeld8zj.cloudfront.net\images\2023\3\28/Tatumn_Milazzo_002.jpeg,"5' 3""",N/A,1998-04-17T07:00Z,USA
M.A. Vignola,Angel City FC,nwsl,N/A,16,2,0,2,0,23,9,0,3,14,https://d2nkt8hgeld8zj.cloudfront.net\images\2023\3\28/Mary_Alice_Vignola_001.jpeg,"5' 6""",N/A,1998-02-11T08:00Z,USA
Tziarra King,OL Reign,nwsl,N/A,23,0,0,1,0,9,3,0,0,7,https://d2nkt8hgeld8zj.cloudfront.net\images\2023\3\24/Tziarra_King_001.jpeg,"5' 9""",N/A,1998-08-24T07:00Z,USA
Taylor Porter,Portland Thorns FC,nwsl,N/A,46,0,0,0,0,2,0,0,0,4,https://d2nkt8hgeld8zj.cloudfront.net\images\2023\3\17/Taylor_Porter_001.jpeg,"5' 8""",N/A,1997-10-29T08:00Z,USA
Mia Gyau,San Diego Wave FC,nwsl,N/A,26,0,0,0,0,0,0,0,0,0,https://d2nkt8hgeld8zj.cloudfront.net\images\2023\3\20/Mia_Gyau_001.jpeg,"5' 4""",N/A,1998-06-22T07:00Z,USA
Ella Stevens,Chicago Red Stars,nwsl,N/A,8,4,1,1,0,18,8,0,1,28,https://d2nkt8hgeld8zj.cloudfront.net\images\2023\3\28/Ella_Stevens_002.jpeg,"5' 8""",N/A,1997-12-11T08:00Z,USA
Hailie Mace,Kansas City Current,nwsl,N/A,4,0,2,3,0,15,6,0,2,26,https://d2nkt8hgeld8zj.cloudfront.net\images\2023\3\24/Hailie_Mace.jpeg,"5' 7""",N/A,1997-03-24T08:00Z,USA
Marley Canales,OL Reign,nwsl,N/A,13,0,0,0,0,0,0,0,0,0,https://d2nkt8hgeld8zj.cloudfront.net\images\2023\3\24/Marley_Canales_001.jpeg,"5' 4""",N/A,1997-11-16T08:00Z,USA
Tierna Davidson,Chicago Red Stars,nwsl,N/A,12,0,0,1,0,1,0,0,4,34,https://d2nkt8hgeld8zj.cloudfront.net\images\2023\3\28/Tierna_Davidson_001.jpeg,"5' 10""",N/A,1998-09-19T07:00Z,USA
Taylor Kornieck,San Diego Wave FC,nwsl,N/A,22,1,0,4,0,18,7,0,0,8,https://d2nkt8hgeld8zj.cloudfront.net\images\2023\3\20/Taylor_Kornieck_001.jpeg,"6' 1""",N/A,1998-11-22T08:00Z,USA
Camryn Biegalski,Washington Spirit,nwsl,N/A,30,0,0,0,0,1,0,0,0,2,https://d2nkt8hgeld8zj.cloudfront.net\images\2023\3\17/Camryn_Biegalski_002.jpeg,"5' 9""",N/A,1998-08-11T07:00Z,USA
Jordyn Bloomer,Racing Louisville FC,nwsl,N/A,24,0,0,0,0,0,0,0,0,0,https://d2nkt8hgeld8zj.cloudfront.net\images\2022\4\29/Jordyn_Bloomer_1.png,N/A,N/A,1997-10-14T07:00Z,USA
Mandy Freeman,NJ/NY Gotham FC,nwsl,N/A,22,0,0,1,0,0,0,0,1,5,https://d2nkt8hgeld8zj.cloudfront.net\images\2022\4\28/Mandy_Freeman.png,"5' 8""",N/A,1995-03-23T08:00Z,USA
Ally Prisock,Houston Dash,nwsl,N/A,23,1,0,0,0,1,1,0,4,6,https://d2nkt8hgeld8zj.cloudfront.net\images\2023\3\22/Ally_Prisock_002.jpeg,"5' 8""",N/A,1997-01-18T08:00Z,USA
Katie Johnson,Angel City FC,nwsl,N/A,33,3,1,3,0,18,10,0,1,18,https://d2nkt8hgeld8zj.cloudfront.net\images\2023\3\28/Katie_Johnson_001.jpeg,"5' 9""",N/A,2002-12-18T08:00Z,England
Michele Vasconcelos,Portland Thorns FC,nwsl,N/A,15,1,0,0,0,11,5,0,0,5,https://d2nkt8hgeld8zj.cloudfront.net\images\2023\3\17/Michele_Vasconcelos_001.jpeg,"5' 5""",N/A,1994-05-11T07:00Z,USA
Amanda Kowalski,Chicago Red Stars,nwsl,N/A,31,0,0,0,0,0,0,0,0,3,https://d2nkt8hgeld8zj.cloudfront.net\images\2023\3\28/Amanda_Kowalski_001.jpeg,"5' 9""",N/A,1998-01-09T08:00Z,USA
Phoebe McClernon,OL Reign,nwsl,N/A,21,0,0,2,0,0,0,0,2,7,https://d2nkt8hgeld8zj.cloudfront.net\images\2023\3\24/Phoebe_McClernon_001.jpeg,"5' 7""",N/A,1997-12-13T08:00Z,USA
Courtney Petersen,Houston Dash,nwsl,N/A,5,0,0,1,0,3,0,0,1,4,https://d2nkt8hgeld8zj.cloudfront.net\images\2023\3\22/Courtney_Peters_002.jpeg,"5' 5""",N/A,1997-10-28T08:00Z,USA
Taylor Aylmer,Racing Louisville FC,nwsl,N/A,26,0,0,0,0,0,0,0,0,2,https://d2nkt8hgeld8zj.cloudfront.net\images\2023\8\29/Taylor_Aylmer.jpg,"5' 8""",N/A,1998-09-23T07:00Z,USA
Meaghan Nally,Portland Thorns FC,nwsl,N/A,39,0,0,1,0,2,0,0,0,7,https://d2nkt8hgeld8zj.cloudfront.net\images\2023\3\17/Meaghan_Nally_001.jpeg,"5' 7""",N/A,1998-06-30T07:00Z,USA
Casey Krueger,Chicago Red Stars,nwsl,N/A,6,0,2,0,0,9,2,0,5,35,https://d2nkt8hgeld8zj.cloudfront.net\images\2023\3\28/Casey_Krueger_001.jpeg,"5' 6""",N/A,1990-08-23T07:00Z,USA
Abby Dahlkemper,San Diego Wave FC,nwsl,N/A,2,1,0,0,0,2,1,0,2,2,https://d2nkt8hgeld8zj.cloudfront.net\images\2023\3\20/Abby_Dahlkemper_001.jpeg,"5' 7""",N/A,1993-05-13T07:00Z,USA
Carly Nelson,Orlando Pride,nwsl,N/A,31,0,0,0,0,0,0,4,0,4,https://d2nkt8hgeld8zj.cloudfront.net\images\2023\3\24/Carly_Nelson_001.jpeg,N/A,N/A,1998-02-11T08:00Z,USA
Clarisse Le Bihan,Angel City FC,nwsl,N/A,29,1,4,2,0,15,5,0,1,9,https://d2nkt8hgeld8zj.cloudfront.net\images\2023\3\28/Clarisse_Le_Bihan_001.jpeg,"5' 8""",N/A,1994-12-14T08:00Z,France
Kristen Edmonds,NJ/NY Gotham FC,nwsl,N/A,12,0,0,0,0,4,1,0,2,12,https://d2nkt8hgeld8zj.cloudfront.net\images\2023\3\23/Kristen_Edmonds_001.jpeg,"5' 5""",N/A,1987-05-22T07:00Z,USA
Adrianna Franch,Kansas City Current,nwsl,N/A,21,0,0,1,0,0,0,39,1,21,https://d2nkt8hgeld8zj.cloudfront.net\images\2023\3\24/Adrianna_Franch.jpeg,"5' 9""",N/A,1990-11-12T08:00Z,USA
Emily Menges,Portland Thorns FC,nwsl,N/A,5,0,0,0,0,1,0,0,3,18,https://d2nkt8hgeld8zj.cloudfront.net\images\2023\3\17/Emily_Menges_001.jpeg,"5' 7""",N/A,1992-07-28T07:00Z,USA
Jessica McDonald,Racing Louisville FC,nwsl,N/A,14,0,0,0,0,4,1,0,0,5,https://d2nkt8hgeld8zj.cloudfront.net\images\2023\3\24/Jessica_McDonald_002.jpeg,"6' 0""",N/A,1988-02-28T08:00Z,USA
Katie Lund,Racing Louisville FC,nwsl,N/A,1,0,0,0,0,0,0,80,6,22,https://d2nkt8hgeld8zj.cloudfront.net\images\2023\3\24/Katie_Lund_002.jpeg,"6' 1""",N/A,1996-11-27T08:00Z,USA
Rachel Hill,San Diego Wave FC,nwsl,N/A,3,0,0,3,0,9,4,0,1,10,https://d2nkt8hgeld8zj.cloudfront.net\images\2023\3\20/Rachel_Hill_001.jpeg,"5' 5""",N/A,1995-04-17T07:00Z,USA
Sarah Puntigam,Houston Dash,nwsl,N/A,17,0,0,1,0,3,0,0,2,3,N/A,"5' 8""",N/A,1992-10-13T07:00Z,Austria
Brianna Pinto,North Carolina Courage,nwsl,N/A,8,1,0,2,0,8,2,0,1,6,https://d2nkt8hgeld8zj.cloudfront.net\images\2023\3\21/Brianna_Pinto.jpeg,"5' 5""",N/A,2000-05-24T07:00Z,USA
Mimmi Larsson,Kansas City Current,nwsl,N/A,9,2,2,0,0,15,4,0,0,13,https://d2nkt8hgeld8zj.cloudfront.net\images\2023\3\24/Mimi_Larsson.jpeg,"5' 6""",141 lbs,1994-04-09T07:00Z,Sweden
Jordyn Huitema,OL Reign,nwsl,N/A,9,5,0,1,0,33,13,0,2,18,https://d2nkt8hgeld8zj.cloudfront.net\images\2023\3\24/Jordyn_Huitema_001.jpeg,"5' 11""",152 lbs,2001-05-08T07:00Z,Canada
Megan Oyster,Orlando Pride,nwsl,N/A,5,0,0,3,0,2,1,0,4,15,https://d2nkt8hgeld8zj.cloudfront.net\images\2023\3\24/Megan_Montefusco_001.jpeg,"5' 8""",N/A,1992-09-03T07:00Z,USA
Stine Ballisager,Kansas City Current,nwsl,N/A,N/A,0,0,0,0,1,0,0,0,5,N/A,"5' 7""",139 lbs,1994-01-03T08:00Z,Denmark
Alex Chidiac,Racing Louisville FC,nwsl,N/A,27,0,0,0,0,2,1,0,0,1,https://d2nkt8hgeld8zj.cloudfront.net\images\2023\3\24/Alex_Chidiac_002.jpeg,"5' 2""",115 lbs,1999-01-15T08:00Z,Australia
Jessica Fishlock,OL Reign,nwsl,N/A,10,3,0,2,0,33,8,0,4,16,https://d2nkt8hgeld8zj.cloudfront.net\images\2023\3\24/Jess_Fishlock_001.jpeg,"5' 2""",119 lbs,1987-01-14T08:00Z,Wales
Esther González,NJ/NY Gotham FC,nwsl,N/A,9,2,0,1,0,15,7,0,1,3,N/A,"5' 5""",119 lbs,1992-12-08T08:00Z,Spain
Civana Kuhlmann,Washington Spirit,nwsl,N/A,20,0,0,0,0,3,2,0,0,1,https://d2nkt8hgeld8zj.cloudfront.net\images\2023\7\13/USATSI_20237428.jpg,"5' 6""",N/A,1999-04-14T07:00Z,USA
Kiara Pickett,North Carolina Courage,nwsl,N/A,23,0,1,2,0,1,0,0,2,11,https://d2nkt8hgeld8zj.cloudfront.net\images\2022\4\28/Kiki_14.png,"5' 0""",N/A,1999-04-30T07:00Z,USA
Gabby Provenzano,Portland Thorns FC,nwsl,N/A,44,0,0,0,0,0,0,0,0,0,https://d2nkt8hgeld8zj.cloudfront.net\images\2023\3\17/Gabby_Provenzano_001.jpeg,"5' 5""",N/A,1999-08-07T07:00Z,USA
Amirah Ali,San Diego Wave FC,nwsl,N/A,7,2,0,1,0,15,5,0,0,6,https://d2nkt8hgeld8zj.cloudfront.net\images\2023\3\20/Amirah_Ali_001.jpeg,"5' 8""",N/A,1998-12-07T08:00Z,USA
Ryan Gareis,Houston Dash,nwsl,N/A,21,0,0,0,0,5,1,0,0,3,https://d2nkt8hgeld8zj.cloudfront.net\images\2023\3\22/Ryan_Gareis_002.jpeg,"5' 7""",N/A,1998-11-13T08:00Z,USA
Alyssa Malonson,OL Reign,nwsl,N/A,20,0,0,0,0,0,0,0,0,1,https://d2nkt8hgeld8zj.cloudfront.net\images\2023\3\24/Alyssa_Malonson_001.jpeg,"5' 3""",N/A,1999-04-09T07:00Z,USA
Madison Hammond,Angel City FC,nwsl,N/A,99,1,1,2,0,11,2,0,2,15,https://d2nkt8hgeld8zj.cloudfront.net\images\2023\3\28/Madison_Hammond_001.jpeg,"5' 9""",N/A,1997-11-15T08:00Z,USA
Hannah Betfort,Portland Thorns FC,nwsl,N/A,33,2,0,0,0,12,5,0,0,7,https://d2nkt8hgeld8zj.cloudfront.net\images\2023\3\17/Hannah_Betfort_001.jpeg,"5' 10""",N/A,1999-01-04T08:00Z,USA
Ryanne Brown,OL Reign,nwsl,N/A,22,0,0,0,0,0,0,0,0,3,https://d2nkt8hgeld8zj.cloudfront.net\images\2023\3\24/Ryanne_Brown_001.jpeg,"5' 8""",N/A,1999-01-21T08:00Z,USA
Joelle Anderson,Houston Dash,nwsl,N/A,29,1,0,4,0,24,8,0,1,10,https://d2nkt8hgeld8zj.cloudfront.net\images\2023\3\22/Joelle_Anderson_002.jpeg,N/A,N/A,1998-10-06T07:00Z,USA
Addie McCain,Chicago Red Stars,nwsl,N/A,13,0,0,0,0,0,0,0,0,0,https://d2nkt8hgeld8zj.cloudfront.net\images\2023\3\28/Addie_McCain_002.jpeg,"5' 9""",N/A,1999-08-28T07:00Z,USA
Morgan Weaver,Portland Thorns FC,nwsl,N/A,22,7,4,1,0,72,24,0,4,25,https://d2nkt8hgeld8zj.cloudfront.net\images\2023\3\17/Morgan_Weaver_001.jpeg,"5' 10""",N/A,1997-10-18T07:00Z,USA
Elyse Bennett,OL Reign,nwsl,N/A,34,2,2,1,0,24,10,0,0,9,https://d2nkt8hgeld8zj.cloudfront.net\images\2023\3\24/Elyse_Bennett_001.jpeg,"5' 10""",N/A,1999-12-27T08:00Z,USA
Parker Goins,Racing Louisville FC,nwsl,N/A,21,1,0,0,0,5,2,0,0,4,https://d2nkt8hgeld8zj.cloudfront.net\images\2023\3\24/Parker_Goins_002.jpeg,N/A,N/A,1998-12-08T08:00Z,USA
Taylor Malham,Chicago Red Stars,nwsl,N/A,32,0,0,0,0,0,0,0,0,8,https://d2nkt8hgeld8zj.cloudfront.net\images\2023\3\28/Taylor_Malham_001.jpeg,"5' 10""",N/A,1999-05-20T07:00Z,USA
Haley Hopkins,North Carolina Courage,nwsl,N/A,5,1,1,0,0,13,4,0,0,9,https://d2nkt8hgeld8zj.cloudfront.net\images\2023\7\13/haley.jpg,N/A,N/A,1998-12-21T08:00Z,USA
Madison Elwell,Washington Spirit,nwsl,N/A,16,0,0,0,0,0,0,0,0,4,https://d2nkt8hgeld8zj.cloudfront.net\images\2023\3\24/Maddie_Elwell_002.jpeg,N/A,N/A,1999-09-06T07:00Z,USA
Maddie Pokorny,Racing Louisville FC,nwsl,N/A,17,0,1,0,0,5,2,0,0,2,N/A,N/A,N/A,1996-11-24T08:00Z,USA
Emily Madril,Orlando Pride,nwsl,N/A,6,0,0,2,0,1,0,0,6,28,https://d2nkt8hgeld8zj.cloudfront.net\images\2023\3\24/Emily_Madril_001.jpeg,N/A,N/A,1999-07-01T07:00Z,USA
Frankie Tagliaferri,North Carolina Courage,nwsl,N/A,19,0,1,0,0,1,0,0,0,1,https://d2nkt8hgeld8zj.cloudfront.net\images\2023\3\21/Frankie_Tagliaferri.jpeg,"5' 7""",N/A,1999-01-18T08:00Z,USA
Kerry Abello,Orlando Pride,nwsl,N/A,25,1,0,1,0,27,12,0,1,21,https://d2nkt8hgeld8zj.cloudfront.net\images\2023\3\24/Kerry_Abello_001.jpeg,N/A,N/A,1999-09-17T07:00Z,USA
Hillary Beall,Racing Louisville FC,nwsl,N/A,18,0,0,0,0,0,0,0,0,0,https://d2nkt8hgeld8zj.cloudfront.net\images\2022\4\29/Hillary_Beal_1.png,"5' 11""",N/A,1999-01-27T08:00Z,USA
Jenna Bike,Chicago Red Stars,nwsl,N/A,24,0,0,2,0,5,0,0,0,13,https://d2nkt8hgeld8zj.cloudfront.net\images\2023\3\28/Jenna_Bike_002.jpeg,"5' 6""",N/A,1998-02-02T08:00Z,USA
Emina Ekic,Racing Louisville FC,nwsl,N/A,13,0,0,0,0,1,0,0,0,0,https://d2nkt8hgeld8zj.cloudfront.net\images\2022\4\29/Emina_Ekic_1.png,"5' 4""",N/A,1999-06-06T07:00Z,USA
Olivia Van der Jagt,OL Reign,nwsl,N/A,33,1,0,0,0,9,3,0,3,11,https://d2nkt8hgeld8zj.cloudfront.net\images\2023\3\24/Olivia_Van_der_Jagt_001.jpeg,"5' 8""",N/A,1999-07-07T07:00Z,USA
Jenna Winebrenner,Kansas City Current,nwsl,N/A,19,0,0,0,0,1,0,0,1,12,https://d2nkt8hgeld8zj.cloudfront.net\images\2023\3\24/Jenna_Winebrenner.jpeg,"5' 7""",N/A,1999-03-01T08:00Z,USA
Emily Fox,North Carolina Courage,nwsl,N/A,12,0,2,0,1,10,2,0,8,14,https://d2nkt8hgeld8zj.cloudfront.net\images\2023\3\21/Emily_Fox.jpeg,"5' 5""",121 lbs,1998-07-05T07:00Z,USA
Tara McKeown,Washington Spirit,nwsl,N/A,9,1,1,4,0,19,3,0,3,27,https://d2nkt8hgeld8zj.cloudfront.net\images\2023\3\20/Tara_McKeown_002.jpeg,"5' 7""",N/A,1999-07-02T07:00Z,USA
Savannah DeMelo,Racing Louisville FC,nwsl,N/A,7,5,2,5,1,49,14,0,3,16,https://d2nkt8hgeld8zj.cloudfront.net\images\2023\3\24/Savannah_DeMelo_002.jpeg,"5' 6""",159 lbs,1998-03-26T08:00Z,USA
Tess Boade,North Carolina Courage,nwsl,N/A,28,1,2,0,0,15,5,0,0,6,https://d2nkt8hgeld8zj.cloudfront.net\images\2022\4\26/Tess.png,"5' 4""",N/A,1999-02-03T08:00Z,USA
Lily Nabet,Angel City FC,nwsl,N/A,28,0,0,1,0,3,0,0,0,5,https://d2nkt8hgeld8zj.cloudfront.net\images\2023\3\28/Lily_Nabet_001.jpeg,"5' 3""",N/A,1999-09-24T07:00Z,USA
Caitlin Cosme,Orlando Pride,nwsl,N/A,26,0,0,1,0,1,0,0,0,10,https://d2nkt8hgeld8zj.cloudfront.net\images\2022\4\26/Caitlin_Cosme_1.PNG,N/A,N/A,1999-01-19T08:00Z,USA
Yazmeen Ryan,NJ/NY Gotham FC,nwsl,N/A,18,0,1,5,0,40,9,0,3,15,https://d2nkt8hgeld8zj.cloudfront.net\images\2023\3\23/Yazmeen_Ryan_001.jpeg,"5' 6""",N/A,1999-02-25T08:00Z,USA
Addisyn Merrick,Kansas City Current,nwsl,N/A,26,0,0,0,0,2,0,0,2,10,https://d2nkt8hgeld8zj.cloudfront.net\images\2023\3\24/Addisyn_Merrick.jpeg,"5' 4""",N/A,1998-03-04T08:00Z,USA
Shelby Hogan,Portland Thorns FC,nwsl,N/A,18,0,0,0,0,0,0,1,0,2,https://d2nkt8hgeld8zj.cloudfront.net\images\2023\3\17/Shelby_Hogan_001.jpeg,"5' 11""",N/A,1998-05-10T07:00Z,USA
Ines Jaurena,Washington Spirit,nwsl,N/A,7,0,1,1,0,5,1,0,0,16,N/A,"5' 3""",121 lbs,1991-05-14T07:00Z,France
Ouleymata Sarr,Washington Spirit,nwsl,N/A,N/A,1,1,1,0,9,2,0,0,7,N/A,"5' 9""",N/A,1995-10-08T07:00Z,France
Kate Del Fava,Kansas City Current,nwsl,N/A,8,0,1,3,0,9,1,0,5,32,https://d2nkt8hgeld8zj.cloudfront.net\images\2023\3\24/Kate_Del_Fava.jpeg,"5' 8""",N/A,1998-07-23T07:00Z,USA
Sofia Huerta,OL Reign,nwsl,N/A,11,1,2,2,0,9,5,0,4,19,https://d2nkt8hgeld8zj.cloudfront.net\images\2023\3\24/Sofia_Huerta_001.jpeg,"5' 8""",139 lbs,1992-12-14T08:00Z,USA
McCall Zerboni,NJ/NY Gotham FC,nwsl,N/A,7,0,0,1,0,4,1,0,0,6,https://d2nkt8hgeld8zj.cloudfront.net\images\2023\3\23/McCall_Zerboni_001.jpeg,"5' 4""",N/A,1986-12-13T08:00Z,USA
Adriana,Orlando Pride,nwsl,N/A,9,6,4,2,0,55,23,0,2,23,https://d2nkt8hgeld8zj.cloudfront.net\images\2023\3\24/Adriana_001.jpeg,"5' 5""",117 lbs,1996-11-17T08:00Z,Brazil
Savannah Madden,Houston Dash,nwsl,N/A,35,0,0,0,0,0,0,0,0,0,https://d2nkt8hgeld8zj.cloudfront.net\images\2023\3\24/Savannah_Madden_002.jpeg,"5' 7""",N/A,1999-02-02T08:00Z,USA
Cyera Hintzen,NJ/NY Gotham FC,nwsl,N/A,30,0,0,0,0,0,0,0,0,0,N/A,N/A,N/A,1997-10-28T08:00Z,USA
Narumi Miura,North Carolina Courage,nwsl,N/A,6,1,3,0,0,17,6,0,8,21,https://d2nkt8hgeld8zj.cloudfront.net\images\2023\7\13/USATSI_20309113.jpg,"5' 1""",95 lbs,1997-07-03T07:00Z,Japan
Hina Sugita,Portland Thorns FC,nwsl,N/A,8,5,3,2,0,23,10,0,4,15,https://d2nkt8hgeld8zj.cloudfront.net\images\2023\3\17/Hina_Sugita_001.jpeg,"5' 4""",115 lbs,1997-01-31T08:00Z,Japan
Jaelin Howell,Racing Louisville FC,nwsl,N/A,6,0,0,4,0,16,7,0,4,15,https://d2nkt8hgeld8zj.cloudfront.net\images\2023\3\24/Jaelin_Howell_002.jpeg,"5' 8""",N/A,1999-11-21T08:00Z,USA
Kayla Fischer,Racing Louisville FC,nwsl,N/A,9,0,1,1,0,16,3,0,0,6,https://d2nkt8hgeld8zj.cloudfront.net\images\2023\7\13/fischer.jpg,"5' 8""",N/A,2000-01-05T08:00Z,USA
Mackenzie Pluck,Angel City FC,nwsl,N/A,24,0,0,0,0,1,0,0,0,1,https://d2nkt8hgeld8zj.cloudfront.net\images\2023\3\28/Mackenzie_Pluck_001.jpeg,N/A,N/A,2000-04-12T07:00Z,USA
Shae Holmes,OL Reign,nwsl,N/A,25,0,0,0,0,1,0,0,0,2,N/A,N/A,N/A,2000-03-08T08:00Z,USA
Summer Yates,Orlando Pride,nwsl,N/A,28,0,0,0,0,3,0,0,0,4,https://d2nkt8hgeld8zj.cloudfront.net\images\2023\3\24/Summer_Yates_001.jpeg,N/A,N/A,2000-06-17T07:00Z,USA
Jyllissa Harris,Houston Dash,nwsl,N/A,37,0,0,0,0,0,0,0,0,0,https://d2nkt8hgeld8zj.cloudfront.net\images\2023\3\24/Jyllissa_Harris_002.JPG,"5' 8""",N/A,2000-04-08T07:00Z,USA
Giovanna Demarco,San Diego Wave FC,nwsl,N/A,12,0,0,0,0,0,0,0,0,0,N/A,"5' 7""",N/A,1999-07-09T07:00Z,USA
Mikayla Cluff,Orlando Pride,nwsl,N/A,8,2,1,2,0,22,5,0,3,20,https://d2nkt8hgeld8zj.cloudfront.net\images\2023\3\24/Mikayla_Cluff_001.jpeg,"5' 8""",N/A,1999-02-25T08:00Z,USA
Cameron Tucker,Houston Dash,nwsl,N/A,39,0,0,1,0,7,1,0,0,0,https://d2nkt8hgeld8zj.cloudfront.net\images\2023\3\22/Cameron_Tucker_002.jpeg,"5' 9""",N/A,1999-07-15T07:00Z,USA
Olivia Wingate,North Carolina Courage,nwsl,N/A,20,0,2,0,0,13,6,0,0,6,https://d2nkt8hgeld8zj.cloudfront.net\images\2023\3\24/Olivia_Wingate.jpeg,N/A,N/A,2000-02-20T08:00Z,USA
Sarah Clark,North Carolina Courage,nwsl,N/A,2,0,0,0,0,0,0,0,0,0,N/A,N/A,N/A,N/A,USA
Sarah Griffith,Chicago Red Stars,nwsl,N/A,15,0,1,0,0,8,2,0,0,5,https://d2nkt8hgeld8zj.cloudfront.net\images\2023\3\28/Sarah_Griffith_001.jpeg,"5' 4""",N/A,1999-04-30T07:00Z,USA
Marisa Bova,North Carolina Courage,nwsl,N/A,44,0,0,0,0,0,0,0,0,0,https://d2nkt8hgeld8zj.cloudfront.net\images\2023\3\22/Marisa_Bova.jpeg,"6' 2""",N/A,2000-08-06T07:00Z,USA
Viviana Villacorta,Orlando Pride,nwsl,N/A,14,0,1,0,0,9,0,0,4,15,https://d2nkt8hgeld8zj.cloudfront.net\images\2023\3\24/Viviana_Villacorta_001.jpeg,"5' 7""",N/A,1999-02-02T08:00Z,USA
Ashley Sanchez,Washington Spirit,nwsl,N/A,10,5,1,0,0,39,16,0,3,20,https://d2nkt8hgeld8zj.cloudfront.net\images\2023\3\17/Ashley_Sanchez_002.jpeg,"5' 4""",117 lbs,1999-03-16T08:00Z,USA
Lauren Brzykcy,San Diego Wave FC,nwsl,N/A,17,0,0,0,0,0,0,0,0,0,N/A,"5' 10""",N/A,1999-11-08T08:00Z,USA
Olivia Athens,OL Reign,nwsl,N/A,12,0,0,0,0,0,0,0,0,1,https://d2nkt8hgeld8zj.cloudfront.net\images\2023\3\24/Olivia_Athens_001.jpeg,"5' 7""",N/A,1998-08-01T07:00Z,USA
Delanie Sheehan,NJ/NY Gotham FC,nwsl,N/A,17,0,1,0,0,18,4,0,3,15,https://d2nkt8hgeld8zj.cloudfront.net\images\2023\3\23/Delanie_Sheehan_001.jpeg,"5' 6""",N/A,1999-01-13T08:00Z,USA
Mckinley Crone,Orlando Pride,nwsl,N/A,40,0,0,0,0,0,0,0,0,0,N/A,N/A,N/A,1998-10-20T07:00Z,USA
Kelsey Turnbow,San Diego Wave FC,nwsl,N/A,6,0,1,0,0,1,0,0,0,1,https://d2nkt8hgeld8zj.cloudfront.net\images\2023\3\20/Kelse_Turnbow_001.jpeg,"5' 8""",N/A,1999-01-10T08:00Z,USA
Julie Doyle,Orlando Pride,nwsl,N/A,20,2,3,2,0,15,5,0,0,10,https://d2nkt8hgeld8zj.cloudfront.net\images\2023\3\24/Julie_Doyle_001.jpeg,"5' 10""",N/A,1998-08-30T07:00Z,USA
Penelope Hocking,Chicago Red Stars,nwsl,N/A,55,3,1,3,0,33,12,0,1,32,https://d2nkt8hgeld8zj.cloudfront.net\images\2023\3\28/Penelope_Hocking_002.jpeg,"5' 5""",N/A,1999-12-29T08:00Z,USA
Messiah Bright,Orlando Pride,nwsl,N/A,23,6,0,2,0,38,12,0,0,18,https://d2nkt8hgeld8zj.cloudfront.net\images\2023\3\24/Messiah_Bright_001.jpeg,N/A,N/A,2000-01-12T08:00Z,USA
Lena Silano,Washington Spirit,nwsl,N/A,24,0,1,0,0,8,1,0,0,5,https://d2nkt8hgeld8zj.cloudfront.net\images\2023\3\24/Lina_Silano_002.jpeg,"5' 7""",N/A,2000-02-28T08:00Z,USA
Lauren Milliet,Racing Louisville FC,nwsl,N/A,2,0,1,2,0,5,3,0,6,22,https://d2nkt8hgeld8zj.cloudfront.net\images\2023\3\24/Lauren_Milliet_002.jpeg,"5' 1""",N/A,1996-12-01T08:00Z,USA
Alexa Spaanstra,Kansas City Current,nwsl,N/A,77,1,1,0,0,15,4,0,0,10,https://d2nkt8hgeld8zj.cloudfront.net\images\2023\3\24/Alexa_Spaanstra.jpeg,"5' 5""",N/A,2000-02-01T08:00Z,USA
Chardonnay Curran,Kansas City Current,nwsl,N/A,14,0,0,0,0,4,2,0,0,8,https://d2nkt8hgeld8zj.cloudfront.net\images\2023\3\24/Chardonnay_Curran.jpeg,"5' 4""",N/A,1999-08-18T07:00Z,USA
Chai Cortez,San Diego Wave FC,nwsl,N/A,46,0,0,0,0,0,0,0,0,3,N/A,N/A,N/A,1998-07-18T07:00Z,USA
Kerolin,North Carolina Courage,nwsl,N/A,9,10,3,3,0,55,21,0,5,17,https://d2nkt8hgeld8zj.cloudfront.net\images\2023\3\22/Kerolin_Nicoli.jpeg,"5' 7""",117 lbs,1999-11-17T08:00Z,Brazil
Madison Pogarch,San Diego Wave FC,nwsl,N/A,16,1,0,4,0,5,1,0,2,7,https://d2nkt8hgeld8zj.cloudfront.net\images\2023\3\20/Madison_Pogarch_001.jpeg,"5' 6""",N/A,1997-11-05T08:00Z,USA
Jun Endo,Angel City FC,nwsl,N/A,18,2,2,0,0,15,5,0,0,18,https://d2nkt8hgeld8zj.cloudfront.net\images\2023\3\28/Jun_Endo_001.jpeg,"5' 6""",119 lbs,2000-05-24T07:00Z,Japan
Claudia Dickey,OL Reign,nwsl,N/A,30,0,0,0,0,0,0,19,2,5,https://d2nkt8hgeld8zj.cloudfront.net\images\2023\3\24/Claudia_Dickey_001.jpeg,"5' 10""",N/A,2000-01-06T08:00Z,USA
Naomi Girma,San Diego Wave FC,nwsl,N/A,4,0,0,0,0,0,0,0,8,18,https://d2nkt8hgeld8zj.cloudfront.net\images\2023\3\20/Naomi_Girma_001.jpeg,"5' 5""",126 lbs,2000-06-14T07:00Z,USA
Sierra Enge,San Diego Wave FC,nwsl,N/A,8,2,0,1,0,4,2,0,3,6,https://d2nkt8hgeld8zj.cloudfront.net\images\2023\3\24/Sierra_Enge_001.jpeg,"5' 5""",N/A,2000-02-23T08:00Z,USA
Mariana Larroquette,Orlando Pride,nwsl,N/A,7,1,0,0,0,2,1,0,0,1,N/A,"5' 5""",119 lbs,1992-10-24T07:00Z,Argentina
Rikke Marie Madsen,North Carolina Courage,nwsl,N/A,17,1,1,0,0,6,2,0,1,4,https://d2nkt8hgeld8zj.cloudfront.net\images\2023\3\22/Rilke_Madsen.jpeg,"5' 8""",128 lbs,1997-08-09T07:00Z,Denmark
Elli Pikkujamsa,Racing Louisville FC,nwsl,N/A,4,1,0,1,1,5,2,0,1,14,https://d2nkt8hgeld8zj.cloudfront.net\images\2023\7\13/USATSI_20396699_93.jpg,N/A,N/A,1999-10-24T07:00Z,Finland
Mille Gejl,North Carolina Courage,nwsl,N/A,22,2,1,2,0,11,6,0,0,5,https://d2nkt8hgeld8zj.cloudfront.net\images\2023\7\13/mille.jpg,"5' 9""",128 lbs,1999-09-23T07:00Z,Denmark
Cheyna Matthews,Chicago Red Stars,nwsl,N/A,20,1,1,1,0,7,2,0,0,10,https://d2nkt8hgeld8zj.cloudfront.net\images\2023\3\28/Cheyna_Matthews_001.jpeg,"5' 9""",139 lbs,1993-11-10T08:00Z,Jamaica
Uchenna Kanu,Racing Louisville FC,nwsl,N/A,29,0,0,1,0,15,5,0,0,6,https://d2nkt8hgeld8zj.cloudfront.net\images\2023\7\13/kanu.jpg,"5' 9""",117 lbs,1997-06-20T07:00Z,Nigeria
Estelle Johnson,North Carolina Courage,nwsl,N/A,24,0,0,0,0,0,0,0,0,0,https://d2nkt8hgeld8zj.cloudfront.net\images\2023\3\21/Estelle_Johnson.jpeg,"5' 6""",N/A,1988-07-21T07:00Z,Cameroon
Bethany Balcer,OL Reign,nwsl,N/A,8,6,1,0,0,35,13,0,1,20,https://d2nkt8hgeld8zj.cloudfront.net\images\2023\3\24/Bethany_Balcer_001.jpeg,"5' 9""",N/A,1997-03-07T08:00Z,USA
Tyler Lussi,North Carolina Courage,nwsl,N/A,14,5,0,3,0,25,11,0,2,12,https://d2nkt8hgeld8zj.cloudfront.net\images\2023\3\22/Tyler_Lussi.jpeg,"5' 7""",N/A,1995-01-26T08:00Z,USA
Bella Bixby,Portland Thorns FC,nwsl,N/A,1,1,0,2,0,1,1,63,6,25,https://d2nkt8hgeld8zj.cloudfront.net\images\2023\3\17/Bella_Bixby_001.jpeg,"6' 0""",N/A,1995-11-20T08:00Z,USA
Cari Roccaro,Chicago Red Stars,nwsl,N/A,4,1,0,2,0,10,3,0,5,43,https://d2nkt8hgeld8zj.cloudfront.net\images\2023\3\28/Cari_Roccaro_001.jpeg,"5' 6""",N/A,1994-07-18T07:00Z,USA
Meredith Speck,North Carolina Courage,nwsl,N/A,25,1,0,1,0,3,2,0,3,5,https://d2nkt8hgeld8zj.cloudfront.net\images\2023\3\22/Meredith_Speck.jpeg,"5' 3""",N/A,1993-02-01T08:00Z,USA
Katelyn Rowland,North Carolina Courage,nwsl,N/A,N/A,0,0,0,0,0,0,7,1,2,N/A,"5' 11""",N/A,1994-03-16T08:00Z,USA
Kristen Hamilton,Kansas City Current,nwsl,N/A,25,2,0,1,0,14,6,0,1,10,https://d2nkt8hgeld8zj.cloudfront.net\images\2023\3\24/Kristen_Hamilton.jpeg,"5' 4""",N/A,1992-04-17T07:00Z,USA
Caprice Dydasco,Houston Dash,nwsl,N/A,3,0,1,3,0,9,1,0,8,17,https://d2nkt8hgeld8zj.cloudfront.net\images\2023\3\22/Caprice_Dydasco_002.jpeg,"5' 3""",N/A,1993-08-19T07:00Z,USA
Didi Haracic,Angel City FC,nwsl,N/A,13,0,0,3,0,0,0,55,3,27,https://d2nkt8hgeld8zj.cloudfront.net\images\2023\3\28/Didi_Haracic_001.jpeg,"5' 9""",N/A,1992-04-12T07:00Z,Bosnia and Herzegovina
Aubrey Kingsbury,Washington Spirit,nwsl,N/A,1,0,0,0,0,0,0,50,4,23,https://d2nkt8hgeld8zj.cloudfront.net\images\2023\3\17/Aubrey_Kingsbury_002.jpeg,"5' 10""",146 lbs,1991-11-20T08:00Z,USA
Victoria Huster,Washington Spirit,nwsl,N/A,23,0,0,0,0,0,0,0,0,1,https://d2nkt8hgeld8zj.cloudfront.net\images\2023\3\20/Tori_Huster_002.jpeg,"5' 5""",128 lbs,1989-09-23T07:00Z,USA
Jordan Baggett,Racing Louisville FC,nwsl,N/A,19,1,0,0,0,2,1,0,0,3,N/A,"5' 6""",N/A,1996-10-28T08:00Z,USA
Elizabeth Eddy,Angel City FC,nwsl,N/A,44,0,0,0,0,3,0,0,0,1,https://d2nkt8hgeld8zj.cloudfront.net\images\2023\3\22/Elizabeth_Eddy_002.jpeg,"5' 5""",N/A,1991-09-13T07:00Z,USA
Sarah Gorden,Angel City FC,nwsl,N/A,11,0,0,1,0,5,2,0,4,29,https://d2nkt8hgeld8zj.cloudfront.net\images\2023\3\28/Sarah_Gorden_001.jpeg,"5' 4""",N/A,1992-09-13T07:00Z,USA
Nikki Stanton,OL Reign,nwsl,N/A,7,0,2,5,0,4,1,0,0,5,https://d2nkt8hgeld8zj.cloudfront.net\images\2023\3\24/Nikki_Stanton_001.jpeg,"5' 7""",121 lbs,1990-10-26T07:00Z,USA
Vanessa Di Bernardo,Kansas City Current,nwsl,N/A,16,0,2,1,0,19,7,0,2,18,https://d2nkt8hgeld8zj.cloudfront.net\images\2023\3\24/Vanessa_DiBernardo.jpeg,"5' 4""",N/A,1992-05-15T07:00Z,USA
Kristie Mewis,NJ/NY Gotham FC,nwsl,N/A,19,0,1,0,0,24,3,0,2,11,https://d2nkt8hgeld8zj.cloudfront.net\images\2023\3\23/Kristie_Mewis_001.jpeg,"5' 7""",139 lbs,1991-02-25T08:00Z,USA
Amber Brooks,Washington Spirit,nwsl,N/A,22,0,0,1,0,4,0,0,1,6,https://d2nkt8hgeld8zj.cloudfront.net\images\2023\3\17/Amber_Brooks_002.jpeg,"5' 6""",N/A,1991-01-23T08:00Z,USA
Katie Stengel,NJ/NY Gotham FC,nwsl,N/A,N/A,2,0,1,0,6,4,0,1,7,N/A,"5' 9""",N/A,1992-02-29T08:00Z,USA
Erika Tymrak,Orlando Pride,nwsl,N/A,15,0,3,0,0,10,3,0,0,7,https://d2nkt8hgeld8zj.cloudfront.net\images\2023\3\24/Erika_Tymrak_001.jpeg,"5' 5""",N/A,1991-08-07T07:00Z,USA
Michelle Betos,NJ/NY Gotham FC,nwsl,N/A,1,0,0,0,0,0,0,0,0,0,https://d2nkt8hgeld8zj.cloudfront.net\images\2023\3\23/Michelle_Betos_001.jpeg,"5' 9""",N/A,1988-02-20T08:00Z,USA
Ryan Williams,North Carolina Courage,nwsl,N/A,13,0,2,3,0,3,0,0,8,22,https://d2nkt8hgeld8zj.cloudfront.net\images\2023\3\22/Ryan_Williams.jpeg,"5' 6""",N/A,1996-02-23T08:00Z,USA
Cecelia Kizer,Kansas City Current,nwsl,N/A,5,6,2,0,0,30,14,0,1,24,https://d2nkt8hgeld8zj.cloudfront.net\images\2023\3\24/Cece_Kizer.jpeg,"5' 8""",128 lbs,1997-08-07T07:00Z,USA
Meleana Shim,NJ/NY Gotham FC,nwsl,N/A,13,0,0,0,0,3,1,0,0,1,https://d2nkt8hgeld8zj.cloudfront.net\images\2023\9\14/Mana_Shim.png,"5' 4""",N/A,1991-09-25T07:00Z,USA
Jasmyne Spencer,Angel City FC,nwsl,N/A,3,1,0,1,0,13,2,0,1,7,https://d2nkt8hgeld8zj.cloudfront.net\images\2023\3\28/Jasmyne_Spencer_001.jpeg,"5' 1""",N/A,1990-08-27T07:00Z,USA
Sophie Jones,Chicago Red Stars,nwsl,N/A,16,0,0,0,0,0,0,0,0,0,https://d2nkt8hgeld8zj.cloudfront.net\images\2023\3\28/Sophie_Jones_002.jpeg,"5' 5""",N/A,2001-07-17T07:00Z,USA
Jenna Nighswonger,NJ/NY Gotham FC,nwsl,N/A,32,3,0,4,0,30,10,0,4,16,https://d2nkt8hgeld8zj.cloudfront.net\images\2023\3\24/Jenna_Nighswonger_001.jpeg,"5' 10""",N/A,2000-11-28T08:00Z,USA
Reyna Reyes,Portland Thorns FC,nwsl,N/A,2,1,0,0,0,2,1,0,0,10,https://d2nkt8hgeld8zj.cloudfront.net\images\2023\7\13/USATSI_20396569.jpg,"5' 5""",N/A,2001-02-16T08:00Z,Mexico
Diana Ordoñez,Houston Dash,nwsl,N/A,11,3,0,0,0,33,11,0,3,13,https://d2nkt8hgeld8zj.cloudfront.net\images\2023\3\22/Diana_Ordonez_002.jpeg,"5' 11""",N/A,2001-09-26T07:00Z,Mexico
Scarlett Camberos,Angel City FC,nwsl,N/A,15,0,3,0,0,22,5,0,0,10,https://d2nkt8hgeld8zj.cloudfront.net\images\2023\7\13/camberos.jpg,"5' 6""",137 lbs,2000-11-20T08:00Z,Mexico
Madelyn Desiano,Houston Dash,nwsl,N/A,31,0,0,0,0,1,0,0,0,0,N/A,"5' 6""",N/A,2000-02-18T08:00Z,USA
Izzy D'Aquila,Portland Thorns FC,nwsl,N/A,24,0,0,0,0,16,4,0,0,6,https://d2nkt8hgeld8zj.cloudfront.net\images\2023\3\24/Izzy_DAquila_001.jpeg,"5' 7""",N/A,2001-09-08T07:00Z,USA
Rebecca Holloway,Racing Louisville FC,nwsl,N/A,25,0,1,2,0,0,0,0,2,8,https://d2nkt8hgeld8zj.cloudfront.net\images\2023\3\24/Rebecca_Holloway_002.jpeg,"5' 6""",N/A,1995-08-25T07:00Z,Northern Ireland
Croix Soto,Kansas City Current,nwsl,N/A,23,0,0,0,0,2,1,0,3,13,https://d2nkt8hgeld8zj.cloudfront.net\images\2023\9\14/Croix_Soto.png,"5' 10""",N/A,2001-01-02T08:00Z,USA
Kylie Strom,Orlando Pride,nwsl,N/A,3,1,1,2,0,7,1,0,6,28,https://d2nkt8hgeld8zj.cloudfront.net\images\2023\3\24/Kylie_Strom_001.jpeg,"5' 8""",N/A,1992-03-18T08:00Z,USA
Nicole Douglas,Washington Spirit,nwsl,N/A,17,0,0,0,0,4,1,0,0,6,https://d2nkt8hgeld8zj.cloudfront.net\images\2023\3\20/Nicole_Douglas_002.jpeg,N/A,N/A,2000-07-31T07:00Z,England
Isabel Dehakiz,Portland Thorns FC,nwsl,N/A,50,0,0,0,0,0,0,0,0,0,N/A,"5' 5""",N/A,2000-07-19T07:00Z,Colombia
Lindsi Jennings,Houston Dash,nwsl,N/A,36,0,0,0,0,0,0,0,0,1,https://d2nkt8hgeld8zj.cloudfront.net\images\2023\7\12/jennings.jpg,"5' 9""",N/A,N/A,USA
Maitane Lopez,NJ/NY Gotham FC,nwsl,N/A,77,1,0,0,0,3,2,0,1,8,N/A,"5' 9""",132 lbs,1995-03-13T08:00Z,Spain
Kirsten Davis,Racing Louisville FC,nwsl,N/A,22,4,1,1,0,38,13,0,0,10,https://d2nkt8hgeld8zj.cloudfront.net\images\2023\3\24/Kirsten_Davis_002.jpeg,N/A,N/A,1998-09-08T07:00Z,USA
Bianca St. Georges,Chicago Red Stars,nwsl,N/A,22,4,1,3,0,33,14,0,2,36,https://d2nkt8hgeld8zj.cloudfront.net\images\2023\3\28/Bianca_St_Georges_001.jpeg,"5' 6""",N/A,1997-07-28T07:00Z,Canada
Mandy Haught,NJ/NY Gotham FC,nwsl,N/A,24,0,0,1,0,0,0,11,2,7,https://d2nkt8hgeld8zj.cloudfront.net\images\2023\3\23/Mandy_Haught_001.jpeg,"5' 9""",N/A,1998-11-03T08:00Z,USA
Zaneta Wyne,Racing Louisville FC,nwsl,N/A,3,0,0,0,0,0,0,0,0,0,N/A,"5' 6""",128 lbs,1990-08-03T07:00Z,USA
Samantha Hiatt,OL Reign,nwsl,N/A,17,0,0,2,0,4,1,0,3,21,https://d2nkt8hgeld8zj.cloudfront.net\images\2023\3\24/Sam_Hiatt_001.jpeg,"5' 10""",N/A,1998-01-06T08:00Z,USA
Brittany Isenhour,Angel City FC,nwsl,N/A,1,0,0,0,0,0,0,0,0,0,https://d2nkt8hgeld8zj.cloudfront.net\images\2023\3\28/Brittany_Isenhour_001.jpeg,"5' 8""",N/A,1997-09-22T07:00Z,USA
Bárbara Olivieri,Houston Dash,nwsl,N/A,15,0,0,2,0,5,1,0,0,2,https://d2nkt8hgeld8zj.cloudfront.net\images\2023\3\24/Barbara_Olivieri_002.jpeg,"5' 5""",121 lbs,2002-02-24T08:00Z,Venezuela
Gabrielle Robinson,Kansas City Current,nwsl,N/A,24,0,0,2,0,4,1,0,5,30,https://d2nkt8hgeld8zj.cloudfront.net\images\2023\3\24/Gabrielle_Robinson.jpeg,"5' 8""",N/A,2001-06-18T07:00Z,USA
Julia Bianchi,Chicago Red Stars,nwsl,N/A,5,0,5,3,0,15,1,0,4,31,https://d2nkt8hgeld8zj.cloudfront.net\images\2023\3\28/Julia_Bianchi_001.jpeg,"5' 6""",130 lbs,1997-10-07T07:00Z,Brazil
Angelina,OL Reign,nwsl,N/A,6,0,0,0,0,0,0,0,0,0,https://d2nkt8hgeld8zj.cloudfront.net\images\2023\3\24/Angelina_001.jpeg,"5' 3""",128 lbs,2000-01-26T08:00Z,Brazil
Lyza Bosselmann,Washington Spirit,nwsl,N/A,18,0,0,0,0,0,0,0,0,0,https://d2nkt8hgeld8zj.cloudfront.net\images\2023\3\24/Liza_Bosselmann_002.jpeg,N/A,N/A,2001-07-27T07:00Z,USA
Trinity Rodman,Washington Spirit,nwsl,N/A,2,5,2,3,0,56,29,0,3,22,https://d2nkt8hgeld8zj.cloudfront.net\images\2023\3\20/Trinity_Rodman_002.jpeg,"5' 7""",128 lbs,2002-05-20T07:00Z,USA
Olivia Sekany,Racing Louisville FC,nwsl,N/A,99,0,0,0,0,0,0,0,0,0,N/A,"6' 0""",N/A,1998-12-29T08:00Z,USA
Ary Borges,Racing Louisville FC,nwsl,N/A,8,1,0,4,0,32,10,0,4,15,https://d2nkt8hgeld8zj.cloudfront.net\images\2023\3\24/Ary_Borges_002.jpeg,"5' 6""",130 lbs,1999-12-28T08:00Z,Brazil
Olivia Moultrie,Portland Thorns FC,nwsl,N/A,13,2,3,1,0,36,13,0,0,15,https://d2nkt8hgeld8zj.cloudfront.net\images\2023\3\17/Olivia_Moultrie_001.jpeg,"5' 7""",N/A,2005-09-17T07:00Z,USA
Michelle Cooper,Kansas City Current,nwsl,N/A,17,3,1,5,0,37,17,0,1,29,https://d2nkt8hgeld8zj.cloudfront.net\images\2023\3\24/Michelle_Cooper.jpeg,"5' 3""",N/A,2002-12-04T08:00Z,USA
Kelsey Hill,Angel City FC,nwsl,N/A,36,0,0,0,0,0,0,0,0,0,N/A,N/A,N/A,N/A,USA
Lauren,Kansas City Current,nwsl,N/A,78,0,0,0,0,0,0,0,0,0,N/A,"5' 10""",141 lbs,2002-09-13T07:00Z,Brazil
Bruninha,NJ/NY Gotham FC,nwsl,N/A,3,2,0,2,0,4,3,0,1,19,https://d2nkt8hgeld8zj.cloudfront.net\images\2023\3\23/Bruninha_002.jpeg,"5' 3""",119 lbs,2002-06-16T07:00Z,Brazil
Sinead Farrelly,NJ/NY Gotham FC,nwsl,N/A,33,0,1,4,0,6,3,0,0,10,https://d2nkt8hgeld8zj.cloudfront.net\images\2023\3\23/Sinead_Farrelly_001.jpeg,"5' 5""",119 lbs,1989-11-16T08:00Z,Republic of Ireland
Ava Cook,Chicago Red Stars,nwsl,N/A,25,3,0,2,0,17,4,0,2,23,https://d2nkt8hgeld8zj.cloudfront.net\images\2023\3\28/Ava_Cook_001.jpeg,"5' 10""",N/A,1998-10-03T07:00Z,USA
Samantha Fisher,Chicago Red Stars,nwsl,N/A,2,0,0,0,0,0,0,0,0,0,https://d2nkt8hgeld8zj.cloudfront.net\images\2023\3\28/Samantha_Fisher_001.jpeg,"5' 6""",N/A,1999-08-26T07:00Z,USA
Lauren Ivory,OL Reign,nwsl,N/A,18,0,0,1,0,0,0,0,0,0,https://d2nkt8hgeld8zj.cloudfront.net\images\2023\3\24/Laurel_Ivory_001.jpeg,"5' 9""",N/A,1999-08-28T07:00Z,USA
Samantha Coffey,Portland Thorns FC,nwsl,N/A,17,0,8,1,0,14,2,0,6,26,https://d2nkt8hgeld8zj.cloudfront.net\images\2023\3\17/Sam_Coffey_001.jpeg,"5' 5""",N/A,1998-12-31T08:00Z,USA
Anna Moorhouse,Orlando Pride,nwsl,N/A,21,0,0,0,1,0,0,70,6,22,https://d2nkt8hgeld8zj.cloudfront.net\images\2023\3\24/Anna_Moorhouse_001.jpeg,N/A,N/A,1995-03-30T08:00Z,England
Isabel Rodriguez,Kansas City Current,nwsl,N/A,18,3,2,3,0,7,4,0,2,19,https://d2nkt8hgeld8zj.cloudfront.net\images\2023\3\24/Isabel_Rodriguez.jpeg,"5' 5""",N/A,1999-04-13T07:00Z,USA
Natalie Beckman,Portland Thorns FC,nwsl,N/A,45,0,0,0,0,0,0,0,0,0,https://d2nkt8hgeld8zj.cloudfront.net\images\2023\3\17/Natalie_Beckman_001.jpeg,"5' 2""",N/A,2000-03-25T08:00Z,USA
Jillienne Aguilera,Chicago Red Stars,nwsl,N/A,14,0,0,0,0,4,0,0,0,6,https://d2nkt8hgeld8zj.cloudfront.net\images\2023\3\28/Jill_Aguilera_002.jpeg,"5' 7""",N/A,1998-01-05T08:00Z,Puerto Rico
Isabella Briede,San Diego Wave FC,nwsl,N/A,23,1,0,0,0,5,3,0,0,8,https://d2nkt8hgeld8zj.cloudfront.net\images\2023\3\20/Belle_Briede_001.jpeg,"5' 6""",N/A,1998-10-03T07:00Z,USA
Haley Bugeja,Orlando Pride,nwsl,N/A,7,0,0,0,0,0,0,0,0,1,N/A,N/A,N/A,2004-05-05T07:00Z,Malta
Reiss,Orlando Pride,nwsl,N/A,30,0,0,0,0,0,0,0,0,0,https://d2nkt8hgeld8zj.cloudfront.net\images\2023\5\17/USATSI_20361067_168397606_lowres.jpg,"5' 6""",N/A,1999-12-09T08:00Z,Brazil
Cheyenne Shorts,San Diego Wave FC,nwsl,N/A,N/A,1,0,0,0,1,1,0,0,3,N/A,"5' 9""",N/A,1998-08-10T07:00Z,USA
Amanda Allen,Orlando Pride,nwsl,N/A,29,0,0,0,0,1,0,0,0,0,N/A,"5' 4""",N/A,2005-02-21T08:00Z,Canada
Jaedyn Shaw,San Diego Wave FC,nwsl,N/A,11,5,3,2,0,38,16,0,2,15,https://d2nkt8hgeld8zj.cloudfront.net\images\2022\11\28/Jaedyn_Shaw.png,"5' 6""",N/A,2004-11-20T08:00Z,USA
Sophie Hirst,Houston Dash,nwsl,N/A,30,1,0,0,0,5,2,0,1,5,https://d2nkt8hgeld8zj.cloudfront.net\images\2023\3\24/Sophie_Hirst_002.jpeg,N/A,N/A,2000-02-25T08:00Z,USA
Lauren Kozal,Portland Thorns FC,nwsl,N/A,N/A,0,0,0,0,0,0,0,0,0,N/A,"5' 10""",N/A,2000-07-11T07:00Z,USA
Alyssa Thompson,Angel City FC,nwsl,N/A,21,4,1,0,0,26,8,0,0,20,https://d2nkt8hgeld8zj.cloudfront.net\images\2023\3\28/Alyssa_Thompson_001.jpeg,"5' 4""",108 lbs,2004-11-07T08:00Z,USA
Angelina Anderson,Angel City FC,nwsl,N/A,19,0,0,0,0,0,0,14,1,2,https://d2nkt8hgeld8zj.cloudfront.net\images\2023\3\28/Angelina_Anderson_001.jpeg,"5' 11""",N/A,2001-03-22T08:00Z,USA
Luany,OL Reign,nwsl,N/A,19,0,0,0,0,0,0,0,0,0,N/A,"5' 5""",N/A,2003-02-03T08:00Z,Brazil
Riley Tanner,Washington Spirit,nwsl,N/A,27,0,0,0,0,0,0,0,0,0,https://d2nkt8hgeld8zj.cloudfront.net\images\2023\3\24/Riley_Tanner_004.jpeg,"5' 7""",N/A,1999-10-15T07:00Z,Panama
Sydney Collins,North Carolina Courage,nwsl,N/A,18,0,0,0,0,0,0,0,0,4,https://d2nkt8hgeld8zj.cloudfront.net\images\2023\3\24/Sydney_Collins.jpeg,"5' 8""",N/A,1999-09-08T07:00Z,Canada
Ryan Childers,Kansas City Current,nwsl,N/A,6,0,0,1,0,0,0,0,0,0,https://d2nkt8hgeld8zj.cloudfront.net\images\2023\3\24/Rylan_Childers.jpeg,N/A,N/A,2000-09-19T07:00Z,USA
Sami Feller,Chicago Red Stars,nwsl,N/A,29,0,0,0,0,0,0,0,0,1,https://d2nkt8hgeld8zj.cloudfront.net\images\2023\3\28/Sami_Feller_001.jpeg,"5' 10""",N/A,N/A,USA
Allyson Schlegel,Chicago Red Stars,nwsl,N/A,34,2,1,0,0,4,3,0,0,11,https://d2nkt8hgeld8zj.cloudfront.net\images\2023\3\28/Ally_Schlegel_001.jpeg,"5' 7""",N/A,2000-02-07T08:00Z,USA
Paige Metayer,Washington Spirit,nwsl,N/A,26,3,1,0,1,17,6,0,3,27,https://d2nkt8hgeld8zj.cloudfront.net\images\2023\3\24/Paige_Metayer_002.jpeg,N/A,N/A,2000-09-23T07:00Z,USA
Chloe Ricketts,Washington Spirit,nwsl,N/A,39,0,0,1,0,3,1,0,0,3,https://d2nkt8hgeld8zj.cloudfront.net\images\2023\3\24/Chloe_Ricketts_002.jpeg,"5' 1""",N/A,2007-05-23T07:00Z,USA
Melanie Barcenas,San Diego Wave FC,nwsl,N/A,25,0,1,0,0,6,4,0,0,2,https://d2nkt8hgeld8zj.cloudfront.net\images\2023\5\5/Melanie_Barcenas.png,"5' 4""",N/A,2007-10-30T07:00Z,USA
Riley Parker,Racing Louisville FC,nwsl,N/A,N/A,0,0,0,0,0,0,0,0,0,N/A,N/A,N/A,2000-03-31T08:00Z,USA
Brianna Martínez,Orlando Pride,nwsl,N/A,32,0,0,0,0,0,0,0,0,0,https://d2nkt8hgeld8zj.cloudfront.net\images\2023\7\13/martinez_headshot.jpg,N/A,N/A,2000-04-22T07:00Z,USA
Manaka Matsukubo,North Carolina Courage,nwsl,N/A,34,1,0,1,0,8,3,0,0,7,N/A,"5' 1""",N/A,2004-07-28T07:00Z,Japan
